Label,# Samples,Average,Median,90% Line,95% Line,99% Line,Min,Max,Error %,App specific
jmeter_login_and_view_dashboard,200,419,410,470,503,576,349,1152,0.0,False
jmeter_view_issue,18198,190,184,215,240,321,140,1129,0.0,False
jmeter_search_jql,5502,520,512,591,613,661,395,1396,0.0,False
jmeter_view_dashboard,5079,312,308,362,380,417,230,909,0.0,False
jmeter_view_backlog,2539,302,297,341,353,383,248,1125,0.0,False
jmeter_create_issue:open_quick_create,1693,77,77,86,93,128,60,153,0.0,False
jmeter_create_issue:fill_and_submit_issue_form,1693,264,259,297,313,339,224,397,0.0,False
jmeter_view_project_summary,1693,267,214,410,517,832,175,1196,0.0,False
jmeter_edit_issue:open_editor,1692,88,87,97,101,132,74,151,0.0,False
jmeter_edit_issue:save_edit,1692,361,341,429,498,629,280,876,0.0,False
jmeter_browse_projects,1692,51,51,57,59,71,42,112,0.0,False
jmeter_view_kanban_board,1270,218,215,243,254,285,176,1076,0.0,False
jmeter_view_scrum_board,1270,119,111,150,156,180,90,232,0.0,False
jmeter_add_comment:open_comment,847,64,63,70,72,93,51,135,0.0,False
jmeter_add_comment:save_comment,846,197,188,224,266,354,151,617,0.0,False
jmeter_browse_boards,846,66,63,75,77,109,56,129,0.0,False
selenium_login:open_login_page,224,113,108,116,119,162,98,874,0.0,False
selenium_login:login_and_view_dashboard,224,685,552,1235,1263,1300,487,2637,0.0,False
selenium_login,224,799,660,1341,1377,1420,591,3512,0.0,False
selenium_browse_projects_list,224,271,273,288,292,310,224,590,0.0,False
selenium_browse_boards_list,224,302,273,291,326,795,255,2009,0.0,False
selenium_create_issue:open_quick_create,224,760,775,807,818,878,639,1162,0.0,False
selenium_create_issue:fill_and_submit_issue_form:submit_issue_form,224,616,613,619,622,626,601,1127,0.0,False
selenium_create_issue:fill_and_submit_issue_form,224,1173,1158,1208,1217,1232,1067,3812,0.0,False
selenium_create_issue,224,1934,1934,2000,2007,2111,1719,4456,0.0,False
selenium_edit_issue:open_edit_issue_form,224,574,543,655,697,747,453,935,0.0,False
selenium_edit_issue:save_edit_issue_form,224,572,562,616,639,753,512,784,0.0,False
selenium_edit_issue,224,1571,1564,1632,1659,1786,1471,1996,0.0,False
selenium_save_comment:open_comment_form,224,374,381,407,431,479,254,511,0.0,False
selenium_save_comment:submit_form,224,829,808,877,912,1035,690,3090,0.0,False
selenium_save_comment,224,1372,1354,1432,1474,1761,1169,3650,0.0,False
selenium_search_jql,224,1261,1248,1298,1314,1356,1188,3299,0.0,False
selenium_view_scrum_board_backlog,224,1096,832,1411,1417,1451,571,3232,0.0,False
selenium_view_scrum_board,224,812,799,817,846,910,779,2829,0.0,False
selenium_view_kanban_board,224,750,740,1007,1094,1569,339,1589,0.0,False
selenium_view_dashboard,224,367,354,507,539,590,224,932,0.0,False
selenium_view_issue,224,657,656,711,722,767,535,1790,0.0,False
selenium_project_summary,224,449,427,506,527,627,312,1964,0.0,False
selenium_log_out,224,346,343,383,389,422,285,448,0.0,False
