Label,# Samples,Average,Median,90% Line,95% Line,99% Line,Min,Max,Error %,App specific
jmeter_login_and_view_dashboard,200,407,405,465,501,538,333,546,0.0,False
jmeter_view_issue,18201,184,179,208,226,262,139,1078,0.0,False
jmeter_search_jql,5502,509,496,590,621,675,381,929,0.0,False
jmeter_view_dashboard,5079,315,308,369,396,453,210,1135,0.0,False
jmeter_view_backlog,2539,303,298,351,372,409,244,455,0.0,False
jmeter_create_issue:open_quick_create,1693,76,75,83,88,123,58,221,0.0,False
jmeter_create_issue:fill_and_submit_issue_form,1693,262,251,312,332,367,226,787,0.0,False
jmeter_view_project_summary,1693,208,206,221,232,265,174,474,0.0,False
jmeter_edit_issue:open_editor,1693,87,85,96,100,126,74,175,0.0,False
jmeter_edit_issue:save_edit,1693,352,335,420,472,626,226,746,0.0,False
jmeter_browse_projects,1693,50,48,55,57,61,42,407,0.0,False
jmeter_view_kanban_board,1270,215,213,249,262,298,137,343,0.0,False
jmeter_view_scrum_board,1270,125,118,158,164,182,95,217,0.0,False
jmeter_add_comment:open_comment,847,63,62,69,71,78,54,456,0.0,False
jmeter_add_comment:save_comment,847,189,186,212,223,243,154,267,0.0,False
jmeter_browse_boards,846,69,68,78,81,108,57,137,0.0,False
selenium_login:open_login_page,227,111,108,115,123,159,99,416,0.0,False
selenium_login:login_and_view_dashboard,227,558,550,581,588,1141,493,1280,0.0,False
selenium_login,227,670,658,692,711,1327,602,1390,0.0,False
selenium_browse_projects_list,227,277,276,288,293,314,242,348,0.0,False
selenium_browse_boards_list,227,283,275,290,299,637,261,788,0.0,False
selenium_create_issue:open_quick_create,227,769,783,816,831,837,646,842,0.0,False
selenium_create_issue:fill_and_submit_issue_form:submit_issue_form,227,616,615,621,624,638,603,648,0.0,False
selenium_create_issue:fill_and_submit_issue_form,227,1174,1176,1219,1230,1263,1063,1297,0.0,False
selenium_create_issue,227,1944,1955,2027,2039,2057,1716,2097,0.0,False
selenium_edit_issue:open_edit_issue_form,227,575,542,658,703,758,450,771,0.0,False
selenium_edit_issue:save_edit_issue_form,227,575,567,618,626,648,516,714,0.0,False
selenium_edit_issue,227,1578,1575,1630,1656,1684,1475,1711,0.0,False
selenium_save_comment:open_comment_form,227,382,384,430,451,462,257,513,0.0,False
selenium_save_comment:submit_form,227,780,772,847,860,909,670,997,0.0,False
selenium_save_comment,227,1326,1322,1395,1427,1485,1137,1713,0.0,False
selenium_search_jql,227,1143,1138,1178,1203,1255,1086,1326,0.0,False
selenium_view_scrum_board_backlog,227,1136,1375,1419,1433,1458,788,1498,0.0,False
selenium_view_scrum_board,227,803,798,816,836,900,782,932,0.0,False
selenium_view_kanban_board,227,799,797,1069,1118,1530,344,1536,0.0,False
selenium_view_dashboard,227,377,361,538,576,676,226,780,0.0,False
selenium_view_issue,227,661,665,728,753,803,486,853,0.0,False
selenium_project_summary,227,435,429,492,527,562,311,589,0.0,False
selenium_log_out,227,369,369,400,425,454,295,563,0.0,False
