Label,# Samples,Average,Median,90% Line,95% Line,99% Line,Min,Max,Error %,App specific
jmeter_login_and_view_dashboard,200,531,452,614,743,2621,344,4347,0.0,False
jmeter_view_dashboard,5079,311,305,367,387,435,226,1103,0.0,False
jmeter_view_issue,18198,205,189,267,301,389,142,3900,0.0,False
jmeter_search_jql,5501,542,536,625,652,717,416,4900,0.0,False
jmeter_create_issue:open_quick_create,1693,78,75,90,98,138,60,562,0.0,False
jmeter_view_backlog,2539,304,292,355,375,426,240,3428,0.0,False
jmeter_create_issue:fill_and_submit_issue_form,1693,277,265,323,346,394,227,1489,0.0,False
jmeter_view_project_summary,1693,542,489,992,1222,1466,175,2222,0.0,False
jmeter_edit_issue:open_editor,1693,92,91,102,106,134,76,318,0.0,False
jmeter_view_kanban_board,1270,213,209,239,254,295,169,962,0.0,False
jmeter_view_scrum_board,1270,121,116,148,155,177,90,394,0.0,False
jmeter_edit_issue:save_edit,1692,374,347,476,545,671,273,1159,0.0,False
jmeter_browse_projects,1692,51,49,57,60,91,41,138,0.0,False
jmeter_add_comment:open_comment,847,66,65,73,76,108,54,166,0.0,False
jmeter_add_comment:save_comment,846,203,193,240,277,368,157,720,0.0,False
jmeter_browse_boards,846,68,66,73,76,102,57,514,0.0,False
selenium_login:open_login_page,221,116,110,119,121,142,99,1234,0.0,False
selenium_login:login_and_view_dashboard,221,974,1195,1277,1292,1345,462,5885,0.0,False
selenium_login,221,1091,1305,1399,1410,1458,577,7120,0.0,False
selenium_browse_projects_list,221,255,253,277,283,305,227,312,0.0,False
selenium_browse_boards_list,221,305,272,300,319,769,257,3913,0.0,False
selenium_create_issue:open_quick_create,221,755,771,805,817,856,624,1464,0.0,False
selenium_create_issue:fill_and_submit_issue_form:submit_issue_form,221,616,613,620,625,636,597,1139,0.0,False
selenium_create_issue:fill_and_submit_issue_form,221,1266,1173,1222,1242,3764,1054,3865,0.0,False
selenium_create_issue,221,2021,1936,2014,2056,4417,1699,4510,0.0,False
selenium_edit_issue:open_edit_issue_form,221,569,540,653,688,738,428,1579,0.0,False
selenium_edit_issue:save_edit_issue_form,221,573,562,625,641,744,517,789,0.0,False
selenium_edit_issue,221,1577,1562,1632,1656,1946,1475,2860,0.0,False
selenium_save_comment:open_comment_form,221,377,380,430,445,506,235,545,0.0,False
selenium_save_comment:submit_form,221,840,816,896,933,1082,730,2625,0.0,False
selenium_save_comment,221,1384,1360,1456,1500,1755,1200,3271,0.0,False
selenium_search_jql,221,1041,1092,1142,1157,1212,515,2215,0.0,False
selenium_view_scrum_board_backlog,221,1089,819,1413,1428,1451,785,4451,0.0,False
selenium_view_scrum_board,221,820,798,861,875,962,782,3163,0.0,False
selenium_view_kanban_board,221,764,745,1047,1137,1416,345,1689,0.0,False
selenium_view_dashboard,221,356,337,499,567,674,217,805,0.0,False
selenium_view_issue,221,653,652,719,737,773,535,787,0.0,False
selenium_project_summary,221,443,426,493,506,543,319,2499,0.0,False
selenium_log_out,221,327,324,353,373,401,284,406,0.0,False
