Label,# Samples,Average,Median,90% Line,95% Line,99% Line,Min,Max,Error %,App specific
jmeter_login_and_view_dashboard,200,419,405,486,507,648,331,1086,0.0,False
jmeter_view_issue,18197,189,183,215,240,319,138,1212,0.0,False
jmeter_search_jql,5501,515,509,584,609,652,379,917,0.0,False
jmeter_view_dashboard,5077,310,305,358,376,407,236,1388,0.0,False
jmeter_view_backlog,2539,302,297,343,356,393,249,1136,0.0,False
jmeter_create_issue:open_quick_create,1693,73,71,82,86,124,60,213,0.0,False
jmeter_create_issue:fill_and_submit_issue_form,1693,262,256,293,307,340,222,580,0.0,False
jmeter_view_project_summary,1692,211,207,226,244,340,175,448,0.0,False
jmeter_edit_issue:open_editor,1692,91,89,100,104,135,76,176,0.0,False
jmeter_edit_issue:save_edit,1692,360,338,426,505,655,214,809,0.0,False
jmeter_browse_projects,1692,50,49,56,58,78,41,109,0.0,False
jmeter_view_kanban_board,1270,222,221,254,264,291,146,1045,0.0,False
jmeter_view_scrum_board,1269,119,114,146,152,165,90,197,0.0,False
jmeter_add_comment:open_comment,846,65,64,72,75,101,53,124,0.0,False
jmeter_add_comment:save_comment,846,198,195,223,232,251,160,306,0.0,False
jmeter_browse_boards,846,68,67,76,78,110,56,128,0.0,False
selenium_login:open_login_page,227,111,108,115,120,149,98,419,0.0,False
selenium_login:login_and_view_dashboard,227,591,543,580,1194,1268,490,1898,0.0,False
selenium_login,227,703,653,692,1309,1374,600,2318,0.0,False
selenium_browse_projects_list,227,268,267,281,287,313,230,340,0.0,False
selenium_browse_boards_list,227,283,275,287,295,632,260,781,0.0,False
selenium_create_issue:open_quick_create,227,765,783,814,820,837,646,877,0.0,False
selenium_create_issue:fill_and_submit_issue_form:submit_issue_form,227,618,615,621,626,644,604,1124,0.0,False
selenium_create_issue:fill_and_submit_issue_form,227,1178,1177,1222,1230,1269,1058,1742,0.0,False
selenium_create_issue,227,1944,1953,2024,2039,2082,1726,2583,0.0,False
selenium_edit_issue:open_edit_issue_form,227,570,541,659,702,746,465,771,0.0,False
selenium_edit_issue:save_edit_issue_form,227,570,560,616,637,713,514,747,0.0,False
selenium_edit_issue,227,1572,1568,1626,1644,1692,1473,1750,0.0,False
selenium_save_comment:open_comment_form,227,376,382,414,445,459,252,536,0.0,False
selenium_save_comment:submit_form,227,797,791,866,904,932,668,963,0.0,False
selenium_save_comment,227,1341,1338,1416,1460,1508,1125,1847,0.0,False
selenium_search_jql,227,1238,1234,1286,1299,1324,1097,1570,0.0,False
selenium_view_scrum_board_backlog,227,1096,841,1406,1417,1463,790,1764,0.0,False
selenium_view_scrum_board,227,805,798,822,859,922,777,933,0.0,False
selenium_view_kanban_board,227,731,726,978,1093,1462,359,1561,0.0,False
selenium_view_dashboard,227,369,354,490,533,639,216,788,0.0,False
selenium_view_issue,227,663,663,723,753,789,532,928,0.0,False
selenium_project_summary,227,441,428,505,525,583,329,718,0.0,False
selenium_log_out,227,360,362,391,404,442,282,502,0.0,False
