Label,# Samples,Average,Median,90% Line,95% Line,99% Line,Min,Max,Error %,App specific
jmeter_login_and_view_dashboard,200,416,401,472,488,544,342,1360,0.0,False
jmeter_view_issue,18197,187,183,216,229,264,142,1220,0.0,False
jmeter_search_jql,5501,522,513,601,633,686,382,1126,0.0,False
jmeter_view_dashboard,5077,323,316,386,405,448,216,557,0.0,False
jmeter_view_backlog,2539,310,305,350,366,411,248,1202,0.0,False
jmeter_create_issue:open_quick_create,1693,76,73,88,97,126,59,878,0.0,False
jmeter_create_issue:fill_and_submit_issue_form,1693,254,249,282,294,319,222,346,0.0,False
jmeter_view_project_summary,1693,208,205,223,235,267,175,543,0.0,False
jmeter_edit_issue:open_editor,1692,90,87,101,109,128,75,173,0.0,False
jmeter_edit_issue:save_edit,1692,359,344,419,475,642,206,919,0.0,False
jmeter_browse_projects,1692,50,49,57,59,66,41,109,0.0,False
jmeter_view_kanban_board,1270,213,208,246,258,276,148,1137,0.0,False
jmeter_view_scrum_board,1270,118,109,145,151,170,93,197,0.0,False
jmeter_add_comment:open_comment,846,64,63,69,72,94,53,125,0.0,False
jmeter_add_comment:save_comment,846,195,188,220,247,337,153,769,0.0,False
jmeter_browse_boards,846,69,67,78,81,101,57,126,0.0,False
selenium_login:open_login_page,227,111,108,116,122,159,99,365,0.0,False
selenium_login:login_and_view_dashboard,227,567,547,587,598,1263,495,1269,0.0,False
selenium_login,227,678,657,699,716,1371,602,1380,0.0,False
selenium_browse_projects_list,227,276,275,290,295,310,228,325,0.0,False
selenium_browse_boards_list,227,297,274,289,320,796,251,808,0.0,False
selenium_create_issue:open_quick_create,227,764,782,812,822,840,642,854,0.0,False
selenium_create_issue:fill_and_submit_issue_form:submit_issue_form,227,615,615,621,626,631,604,634,0.0,False
selenium_create_issue:fill_and_submit_issue_form,227,1170,1174,1218,1233,1248,1042,1253,0.0,False
selenium_create_issue,227,1935,1950,2019,2035,2055,1693,2090,0.0,False
selenium_edit_issue:open_edit_issue_form,227,570,541,658,685,748,470,771,0.0,False
selenium_edit_issue:save_edit_issue_form,227,574,563,618,639,757,518,825,0.0,False
selenium_edit_issue,227,1578,1570,1641,1661,1755,1480,1870,0.0,False
selenium_save_comment:open_comment_form,227,375,382,407,428,467,254,506,0.0,False
selenium_save_comment:submit_form,227,782,778,846,861,916,663,931,0.0,False
selenium_save_comment,227,1326,1321,1396,1419,1491,1162,1737,0.0,False
selenium_search_jql,227,1242,1237,1285,1308,1330,1175,1949,0.0,False
selenium_view_scrum_board_backlog,227,1110,1367,1417,1426,1458,790,1476,0.0,False
selenium_view_scrum_board,227,802,797,813,839,890,779,924,0.0,False
selenium_view_kanban_board,227,762,756,986,1063,1315,349,1544,0.0,False
selenium_view_dashboard,227,374,381,502,545,715,220,865,0.0,False
selenium_view_issue,227,657,656,725,745,782,525,818,0.0,False
selenium_project_summary,227,440,430,507,532,595,325,689,0.0,False
selenium_log_out,227,363,365,394,408,442,289,455,0.0,False
